word,count
pa,108
cu,98
ser,98
as,93
est,84
mundo,80
si,76
the,69
seg,64
ses,61
espa,60
ahora,52
mo,46
dos,45
millones,45
covid,44
to,42
hoy,42
unidos,41
aqu,41
curso,39
of,39
salvador,39
is,38
puede,38
gracias,37
mejor,37
parte,36
presidente,35
an,35
datos,33
informaci,33
and,33
ver,33
we,32
puedes,32
adecuado,32
fico,31
vida,31
cada,30
in,30
tonga,30
mayor,29
mira,28
nuevo,28
tras,28
tres,27
forma,27
momento,27
mismo,27
hace,27
uso,27
tal,26
mundial,26
solo,26
personas,26
gran,26
this,25
felicidades,25
vez,24
casa,24
pr,24
cerca,24
muchas,24
da,24
incre,24
gobierno,24
pues,24
noticias,23
primer,23
poder,22
you,22
enero,22
biden,22
méxico,22
historia,22
bien,22
ble,22
ee,21
semana,21
aunque,21
sido,21
uu,21
coronavirus,21
ol,21
cuenta,21
siempre,21
saludo,20
menos,20
volc,20
caso,20
sigue,19
nivel,19
primera,19
mientras,19
lares,19
buen,19
cuéntanos,19
ir,19
persona,18
ma,18
pueden,18
creo,18
va,18
usted,18
will,18
nunca,18
pasado,18
toda,18
bbc,18
cosas,18
pandemia,18
tsunami,17
gente,17
nto,17
tener,17
trabajo,17
medio,17
verdad,17
it,17
ana,16
erupci,16
ucrania,16
pac,16
micron,16
sé,16
scula,16
casos,16
dice,16
aprender,15
lengua,15
ten,15
estudio,15
poblaci,15
nueva,15
minute,15
energy,15
that,15
hecho,15
dar,15
chile,14
favor,14
tiempo,14
después,14
platzi,14
casi,14
escucha,14
for,14
varios,14
hola,14
venezuela,14
video,14
nuevos,14
rico,14
escribir,14
rusia,13
podr,13
genes,13
van,13
asombroso,13
leo,13
hora,13
feliz,13
interés,13
veces,13
comunidad,13
final,13
décadas,13
parece,13
investigaci,13
ve,13
proyecto,12
brasil,12
are,12
global,12
ltima,12
saber,12
per,12
grandes,12
china,12
luego,12
mero,12
buena,12
all,12
nombre,12
hacer,12
im,12
have,12
nica,12
posible,12
mejores,12
palabra,12
colombia,12
dijo,11
todas,11
voy,11
dentro,11
usar,11
familia,11
escuela,11
cuatro,11
with,11
correcto,11
from,11
paso,11
expresi,11
but,11
siguen,11
do,11
may,11
cables,11
petr,11
gr,11
media,11
nacional,11
ayer,11
vas,11
seguir,11
libro,11
cuanto,11
estadounidenses,11
realidad,11
explica,11
adecuada,10
informe,10
menor,10
rica,10
plural,10
primeros,10
puerto,10
acaba,10
so,10
usuarios,10
min,10
ah,10
genial,10
mujer,10
siendo,10
sabes,10
tan,10
quiero,10
contenido,10
blica,10
américa,10
joe,10
about,10
edad,10
habr,10
web,10
plan,10
euros,10
hunga,10
latinoamericanos,10
hab,10
gusta,10
trata,10
argentina,10
trump,10
europa,10
camino,10
decir,10
puesto,10
idea,10
mar,10
ndo,10
on,10
lunes,9
cinco,9
total,9
tica,9
puedo,9
hablar,9
latina,9
diccionario,9
diciembre,9
herramientas,9
enlace,9
recomendaci,9
pregunta,9
culo,9
encuesta,9
ctica,9
palabras,9
tico,9
ltimos,9
deber,9
nuevas,9
llegar,9
us,9
pol,9
ojal,9
placer,9
nde,9
siguiente,9
deuda,9
regi,9
ondas,9
tendr,9
pareci,9
horas,9
estadounidense,9
pel,9
internet,8
nico,8
more,8
simo,8
peque,8
perro,8
ambas,8
autoridades,8
portada,8
abrazo,8
agua,8
importante,8
dura,8
guion,8
pronto,8
not,8
navidad,8
deja,8
compra,8
ola,8
claro,8
estadio,8
turqu,8
mensaje,8
amigo,8
caza,8
cursos,8
embargo,8
gasolina,8
ltimo,8
espera,8
city,8
visto,8
tipo,8
madre,8
trimestre,8
dudas,8
tema,8
edici,8
hist,8
qued,8
cara,8
vacunaci,8
cifra,8
actor,8
segundos,8
cr,8
bueno,8
escrito,8
excelente,8
instagram,8
publicado,8
our,8
viaje,8
general,8
ninguna,8
crecimiento,8
sab,8
seguimos,8
ejemplo,8
siglo,8
niveles,8
much,8
encontrado,8
jueves,8
librer,8
tecnolog,7
actual,7
expertos,7
domingo,7
oportunidad,7
new,7
noviembre,7
cantidad,7
dicen,7
only,7
mw,7
riesgo,7
ambos,7
precios,7
llegan,7
alguna,7
xvi,7
sur,7
lista,7
haber,7
carta,7
recibe,7
tomar,7
lugares,7
escribe,7
sexual,7
ximo,7
mercado,7
conferencia,7
salud,7
opini,7
cursiva,7
empresa,7
sexo,7
reciente,7
be,7
derrame,7
what,7
realmente,7
variante,7
contagiosa,7
enviando,7
actualmente,7
benedicto,7
dif,7
ropa,7
porcentaje,7
ar,7
obra,7
aprendizajes,7
unas,7
ltimas,7
cuentas,7
sino,7
redes,7
seis,7
cierto,7
can,7
fiscal,7
revista,7
investiga,7
lejos,7
fica,7
evitar,7
recuerdo,7
contexto,7
cl,7
frontera,7
cula,7
re,7
cil,7
fuerte,7
neas,7
educaci,7
segundo,7
proyectos,7
caribe,7
amos,7
derivados,7
contamos,7
sudamérica,7
caus,6
maravilloso,6
tercer,6
reas,6
zona,6
tampoco,6
junto,6
volcano,6
lugar,6
hijo,6
hacia,6
hombre,6
hija,6
nimo,6
pensando,6
actividad,6
aviones,6
centroamérica,6
morir,6
lograr,6
aviaci,6
explosi,6
tiempos,6
territorio,6
your,6
buscar,6
microsoft,6
momentos,6
ranking,6
empresas,6
cabeza,6
dicho,6
corte,6
llevo,6
modo,6
comparaci,6
rep,6
principales,6
explicamos,6
science,6
nadie,6
ntas,6
disminuyen,6
ue,6
comprar,6
venta,6
diez,6
contagios,6
still,6
incubaci,6
munich,6
parecen,6
damos,6
bastante,6
respuesta,6
contar,6
app,6
verbo,6
twitter,6
submarino,6
carlos,6
confinamiento,6
usan,6
preparado,6
abusos,6
bravo,6
escuch,6
escribirlo,6
organizaci,6
vamos,6
lidas,6
polic,6
formas,6
mayores,6
diferentes,6
acuerdo,6
mascarilla,6
infectada,6
derecho,6
don,6
virus,6
ustedes,6
conoce,6
respecto,6
miércoles,6
daniel,6
aerol,6
enfrenta,6
manera,6
na,6
at,6
supongo,6
tulo,6
alg,6
mes,6
alguien,6
lisis,6
hablamos,6
jorge,6
prensa,6
pensé,6
dio,6
supuesto,6
frank,6
fin,6
peor,6
falta,6
dios,6
novio,6
dinero,6
leer,6
power,6
calidad,6
ntos,6
martes,6
propio,6
or,6
xd,6
tuit,6
cantante,6
some,6
cambio,5
igual,5
most,5
humano,5
arnold,5
servicio,5
producci,5
prueba,5
campamento,5
street,5
inicio,5
qatar,5
mostramos,5
inglaterra,5
aumento,5
ctimas,5
cualquiera,5
cremaci,5
ingresos,5
muerte,5
instalados,5
anunci,5
superar,5
crisis,5
natural,5
distancia,5
distintas,5
incluso,5
art,5
apai,5
arzobispo,5
sociales,5
submarinos,5
programa,5
naci,5
inactive,5
minuto,5
econ,5
progreso,5
cualquier,5
crear,5
inversi,5
asalto,5
duda,5
aprende,5
quién,5
dm,5
capital,5
intimidante,5
quiere,5
muestran,5
insostenibles,5
infecciones,5
mueven,5
quiebra,5
di,5
mujeres,5
puntos,5
siento,5
profesional,5
putin,5
cambiar,5
by,5
declar,5
sentimos,5
voto,5
pan,5
uruguay,5
dejar,5
bergh,5
equipo,5
debes,5
sabemos,5
poner,5
reducci,5
utilizaron,5
generar,5
raz,5
medida,5
ley,5
ocurri,5
cient,5
populares,5
océano,5
gico,5
precio,5
bado,5
grande,5
ense,5
papa,5
técnicas,5
entradas,5
exactamente,5
cuya,5
going,5
objetivo,5
resultado,5
envi,5
personal,5
obras,5
generaci,5
ganas,5
felicitaciones,5
plantas,5
acumul,5
den,5
listo,5
ortograf,5
registrados,5
francia,5
estrategia,5
coca,5
cobre,5
right,5
ora,5
viene,5
foto,5
demasiado,5
pistas,5
visita,5
pacientes,5
construcci,5
esperamos,5
dado,5
futuro,5
advirti,5
podemos,5
ojos,5
vemos,5
oles,5
ciudad,5
ciudadanos,5
ciudades,5
oms,5
veo,5
etc,5
actualizadas,5
online,5
novela,5
recuerda,5
til,5
experiencia,5
celular,5
pasar,5
than,5
luz,5
xix,5
aventura,5
president,5
ticas,5
acab,5
ticos,5
empieza,5
amigos,5
pepe,5
miami,5
healthy,5
nicas,5
necesidad,5
previos,5
realizar,5
zenda,5
costa,5
militar,5
compa,5
expresidente,5
telegraf,5
just,5
temas,5
antenas,5
ndice,5
justicia,5
comillas,5
principios,5
principio,5
nea,5
blanca,5
todav,5
formato,5
habilidades,5
acabo,5
cumplen,5
latinoamérica,5
traicion,5
trasmitir,5
encontrar,5
ayudarte,5
mano,5
trabajar,5
trabajadores,5
noche,5
salvadore,5
federal,5
largo,5
felices,5
acceso,5
tomado,5
lado,5
existe,5
nota,5
comenzar,5
ales,5
encanta,5
parar,5
bukele,5
logros,4
result,4
maestra,4
biblioteca,4
mal,4
bitcoin,4
mascarillas,4
resulta,4
llevar,4
dec,4
lleno,4
sistema,4
resoluci,4
manuel,4
asunto,4
queréis,4
marina,4
reuni,4
debajo,4
reino,4
marca,4
david,4
lleva,4
resolvemos,4
better,4
italia,4
mantienen,4
medidas,4
lleg,4
despliegue,4
radios,4
john,4
minutos,4
should,4
cambios,4
johnson,4
diciendo,4
bacheo,4
recomiendo,4
recoge,4
building,4
metro,4
comparte,4
cabo,4
recibido,4
been,4
sculas,4
mico,4
joven,4
avanzando,4
busca,4
avance,4
seguro,4
destrucci,4
mierda,4
diario,4
buscan,4
semanas,4
juntos,4
miles,4
mensuales,4
bajo,4
jhon,4
radio,4
sima,4
because,4
registrado,4
lipoescultura,4
links,4
registr,4
regiones,4
refuerzo,4
dan,4
sigo,4
mbito,4
misma,4
referirse,4
quiz,4
libre,4
referencia,4
récord,4
atr,4
sigamos,4
desarrollar,4
mirando,4
desarrollo,4
desastre,4
sacar,4
sacerdotes,4
red,4
descambiar,4
legal,4
radiales,4
reconocida,4
desplazados,4
trasplante,4
entrevista,4
invierno,4
guillermo,4
encuestados,4
notas,4
noticia,4
través,4
grito,4
alcanzado,4
alcance,4
entender,4
términos,4
obesidad,4
ulliel,4
uni,4
gustar,4
unido,4
gicas,4
contacto,4
usa,4
ocho,4
equivalente,4
use,4
octubre,4
agenda,4
utiliza,4
utilizar,4
ocultar,4
vacuna,4
gustan,4
gusto,4
termin,4
time,4
emite,4
prevé,4
previsiones,4
necesitan,4
necesito,4
correcta,4
negocio,4
amor,4
hermanos,4
here,4
preside,4
hechos,4
tilde,4
emplear,4
género,4
har,4
nicamente,4
nicos,4
toma,4
hago,4
presentaci,4
haga,4
hacen,4
hac,4
convertido,4
encima,4
encontraba,4
controlan,4
vacunada,4
error,4
vale,4
favorito,4
evernote,4
fiestas,4
ficos,4
voz,4
personajes,4
vuelve,4
ex,4
exacto,4
coma,4
papel,4
compuesto,4
fecha,4
comercial,4
comprender,4
gaspard,4
partido,4
pas,4
world,4
pasa,4
wow,4
people,4
experimentar,4
pensar,4
years,4
pasando,4
comienza,4
penal,4
pena,4
palomitas,4
volver,4
condiciones,4
finales,4
ofrece,4
ojo,4
cirujanos,4
pocos,4
espacio,4
fuerza,4
espectro,4
one,4
adn,4
vergüenza,4
espero,4
viajar,4
adivinar,4
considera,4
adem,4
viernes,4
clim,4
pista,4
ad,4
conozco,4
conocimientos,4
estilo,4
conocer,4
out,4
europea,4
finally,4
vivo,4
celebrar,4
teléfono,4
hizo,4
éxito,4
suscriptores,4
econom,4
ingres,4
statista,4
inicia,4
programaci,4
importancia,4
implementar,4
imbécil,4
country,4
muere,4
productos,4
if,4
crees,4
ido,4
arte,4
identidad,4
tarde,4
iba,4
sureste,4
aplica,4
suprema,4
sue,4
mundiales,4
dr,4
suficiente,4
suele,4
provecho,4
murcia,4
downing,4
creciendo,4
capitolio,4
pronuncia,4
super,4
crecer,4
muestras,4
capit,4
donald,4
inform,4
pruebas,4
stico,4
hurra,4
pueblo,4
anterior,4
asesinatos,4
navidades,4
internacional,4
proceso,4
celebraci,4
investigadores,4
electromagnético,4
tbol,4
privada,4
principal,4
someterse,4
representa,4
ter,4
https,4
ello,4
hol,4
elecciones,4
masculino,3
pensado,3
camiseta,3
completamente,3
mandar,3
padres,3
pib,3
conjunto,3
monday,3
pijama,3
querido,3
regreso,3
pelo,3
cubo,3
confianza,3
operadores,3
operan,3
planes,3
make,3
operativo,3
decisi,3
oportuno,3
place,3
darnos,3
compartir,3
commerce,3
matador,3
data,3
piétri,3
orden,3
reglas,3
comisi,3
monedas,3
blico,3
quedan,3
par,3
pueda,3
puedan,3
person,3
crimen,3
many,3
python,3
motivos,3
permitieron,3
manualmente,3
capacidad,3
part,3
mosc,3
blue,3
come,3
punto,3
motivo,3
mantener,3
canciller,3
com,3
mara,3
maravilla,3
operaci,3
campa,3
pasaba,3
blizzard,3
pesi,3
pesar,3
conexiones,3
peores,3
relacionadas,3
calendario,3
modelo,3
muertes,3
cuarto,3
calle,3
marcas,3
quedado,3
quinta,3
bles,3
plant,3
musicales,3
registra,3
cumplir,3
cumple,3
cesis,3
millenials,3
ch,3
causa,3
meta,3
cuesta,3
million,3
preguntas,3
recomienda,3
preguntan,3
now,3
preguntamos,3
produce,3
producers,3
cuerpo,3
ca,3
preferible,3
navegador,3
novak,3
checa,3
chicas,3
conversaciones,3
certificaci,3
buenos,3
ning,3
buscamos,3
miedo,3
necesitar,3
necesitas,3
celebra,3
ndrome,3
mil,3
ndose,3
presidencia,3
recep,3
business,3
mexicanos,3
mexicano,3
cdc,3
probabilidades,3
probablemente,3
presentar,3
cosa,3
razones,3
ndal,3
present,3
countries,3
potencia,3
opciones,3
pod,3
carpetazo,3
consultar,3
odio,3
oficial,3
construir,3
podido,3
poderosa,3
cirujanas,3
primeras,3
proporci,3
pocas,3
posterior,3
constancia,3
dame,3
carbono,3
consta,3
protagonizaron,3
protecci,3
proteger,3
plato,3
plataforma,3
plantea,3
medicina,3
rae,3
ocurre,3
propias,3
posibilidades,3
chocho,3
nursult,3
recuperaci,3
profesionales,3
recurso,3
objetivos,3
course,3
porqué,3
profundo,3
obligatoria,3
consumo,3
ocasi,3
cierre,3
creaste,3
redonda,3
prop,3
propagaci,3
medios,3
ocupa,3
propia,3
modernas,3
pedir,3
tecnol,3
isla,3
frederick,3
vi,3
via,3
viajes,3
siga,3
siete,3
sientes,3
jesuitas,3
sicos,3
dientes,3
sica,3
did,3
frase,3
edhasa,3
jonathan,3
gratis,3
juan,3
administraci,3
aparecen,3
sigues,3
simplemente,3
singular,3
direcci,3
especulaciones,3
admisible,3
verlo,3
astronautas,3
sinceramente,3
entonces,3
siguientes,3
ataque,3
jam,3
digo,3
ecol,3
sustantivo,3
frente,3
jap,3
fotos,3
enigma,3
juegos,3
huerta,3
tayyip,3
estrellas,3
alegr,3
triste,3
aprendizaje,3
seguida,3
tripadvisor,3
km,3
gris,3
know,3
acuerdos,3
kotlin,3
aventuras,3
sector,3
alegra,3
estudiando,3
segunda,3
destinos,3
serie,3
adecuadas,3
viejo,3
septiembre,3
adelante,3
great,3
juicio,3
julio,3
enhorabuena,3
australia,3
destruidas,3
sentada,3
efectiva,3
formar,3
efecto,3
formaci,3
fondos,3
alcanzar,3
google,3
good,3
hueco,3
sit,3
started,3
iniciar,3
incorrecto,3
dolor,3
inmensa,3
sta,3
apoyo,3
gica,3
documentado,3
up,3
varias,3
arquidi,3
arrancar,3
djokovic,3
universidad,3
instalaciones,3
dividir,3
valor,3
escenario,3
gaëlle,3
afirma,3
geothermal,3
erdo,3
gestionar,3
generaron,3
vacaciones,3
apropiada,3
industria,3
dosis,3
archipiélago,3
vacunas,3
urgente,3
aquamaci,3
subir,3
valenciano,3
aficionados,3
donaciones,3
varones,3
envidia,3
incluir,3
social,3
espec,3
disculpa,3
goles,3
entrar,3
sof,3
asi,3
sociedad,3
sobrina,3
ados,3
ventas,3
verano,3
fronteras,3
director,3
directo,3
situaci,3
sito,3
dise,3
fuerzas,3
vaya,3
interesante,3
insulina,3
enviaron,3
veinte,3
enviar,3
superior,3
gina,3
advertencia,3
enviado,3
década,3
ven,3
adverbio,3
supone,3
inauguraci,3
dispone,3
git,3
funci,3
secretario,3
incursi,3
guerra,3
anas,3
like,3
acciones,3
hijos,3
lucha,3
accidente,3
well,3
batalla,3
febrero,3
algoritmos,3
encuentra,3
bienestar,3
transplante,3
respeto,3
rivalidad,3
lifestyle,3
lidos,3
tratando,3
emerger,3
residentes,3
base,3
terminar,3
derechos,3
libros,3
energ,3
derivado,3
guatemala,3
andrés,3
banting,3
totalmente,3
ruta,3
also,3
académico,3
who,3
fen,3
york,3
ximas,3
ximos,3
experta,3
emociones,3
alrededor,3
hermoso,3
hablando,3
favorita,3
zate,3
lol,3
aborto,3
facilidad,3
fachas,3
logro,3
responsabilidades,3
zetabytes,3
faa,3
would,3
them,3
llevado,3
emoci,3
amiga,3
texto,3
responder,3
llena,3
exigir,3
belleza,3
williams,3
dem,3
define,3
ll,3
desaf,3
animales,3
banda,3
descubrir,3
vivir,3
leal,3
san,3
biogr,3
expresiones,3
same,3
enfrentar,3
hork,3
haciendo,3
activos,3
activision,3
volcanos,3
grupo,3
sa,3
hospital,3
lavadora,3
europeos,3
viv,3
latinoamericano,3
finanzas,3
electoral,3
desestabilizar,3
temores,3
ayuda,3
ay,3
toneladas,3
visitas,3
biopic,3
estudiar,3
satélites,3
anteriores,3
tender,3
evaluado,3
evento,3
descenso,3
less,3
macleod,3
bancarrota,3
hombres,3
guardar,3
eliminar,3
hacerlo,3
vuelvo,3
vuelva,3
evolucionado,3
sal,3
evoluci,3
sala,3
resalte,3
baja,3
elemento,3
guam,3
hana,3
salir,3
expresar,3
salida,3
sale,3
dej,3
vuelos,3
madrid,3
obtiene,2
noma,2
nimos,2
get,2
convertir,2
encarcelados,2
getting,2
ocasiones,2
epigramas,2
nine,2
encerrada,2
hablan,2
hacemos,2
obtener,2
continente,2
habla,2
novedades,2
entiendo,2
entera,2
enrique,2
continuar,2
enfermedad,2
grandioso,2
gratuitamente,2
contextos,2
grave,2
gigante,2
gu,2
contigo,2
contin,2
ns,2
gremio,2
enga,2
novelas,2
grosso,2
government,2
contestador,2
contenta,2
nothing,2
habitual,2
obligaron,2
habitantes,2
conversaci,2
objetos,2
nominal,2
norma,2
normal,2
entregar,2
gobiernos,2
entrega,2
habitaci,2
normas,2
guy,2
gustado,2
golpe,2
continuaci,2
magnitud,2
esperan,2
genos,2
conceptos,2
excandidato,2
concreto,2
conclusiones,2
femenino,2
conchagua,2
femeninas,2
excepci,2
panel,2
felicitamos,2
felicidad,2
paraguay,2
parec,2
feel,2
feedback,2
ferragnez,2
ficamente,2
pareja,2
firma,2
conflictos,2
oye,2
estudiante,2
paciencia,2
padre,2
firmado,2
pago,2
fiesta,2
conf,2
paisaje,2
fila,2
conectado,2
even,2
fight,2
comunicaciones,2
excusa,2
consumer,2
competir,2
export,2
ez,2
exvicepresidenta,2
expres,2
patients,2
completa,2
extraordinario,2
pasos,2
compartirnos,2
extranjerismo,2
paz,2
pcr,2
comparten,2
extra,2
pasta,2
face,2
pares,2
fanta,2
compro,2
exercise,2
partes,2
comprado,2
existen,2
far,2
fant,2
paseando,2
familiares,2
fallo,2
facultad,2
factor,2
explicando,2
pasamos,2
congreso,2
flojo,2
otto,2
old,2
fundamentales,2
fundaci,2
esférica,2
ok,2
funciones,2
olas,2
funcione,2
escuelas,2
fun,2
fumar,2
full,2
omisiones,2
especie,2
frustraciones,2
fundéurae,2
escucharlo,2
other,2
escribimos,2
generate,2
ernesto,2
ocurrido,2
ocurridos,2
ocurrir,2
erupciones,2
gana,2
escuchan,2
oficina,2
gama,2
escribirla,2
ofrecer,2
construction,2
escuchamos,2
frontend,2
oneeka,2
ong,2
estima,2
fotograf,2
foro,2
ordena,2
consecuencias,2
fondo,2
origen,2
estimaciones,2
hagas,2
conocida,2
estimado,2
estrella,2
flores,2
conoc,2
conmigo,2
consejo,2
oraci,2
esquina,2
esquiando,2
fr,2
consenso,2
francisco,2
francés,2
frases,2
opina,2
fraude,2
freedom,2
frenar,2
opcional,2
esperanzadas,2
opci,2
fresh,2
hagan,2
id,2
nima,2
kazajist,2
cumhurba,2
lamento,2
despreciar,2
culos,2
labas,2
laba,2
destaca,2
mica,2
microespacio,2
kitab,2
destacar,2
killer,2
culas,2
kil,2
destino,2
miembros,2
mienten,2
lanz,2
meter,2
metaverso,2
currusco,2
desconocidos,2
mente,2
lectores,2
menudo,2
descubierto,2
lector,2
mercadona,2
curro,2
desesperadamente,2
descubre,2
least,2
lea,2
messaging,2
latinos,2
met,2
deseo,2
kid,2
cuidado,2
menores,2
detalle,2
mir,2
mirar,2
cuentan,2
je,2
cuchara,2
diferente,2
javascript,2
java,2
miserable,2
misi,2
jaro,2
jard,2
digital,2
mitad,2
digitales,2
cuarta,2
ivoox,2
dictadura,2
dichos,2
dicc,2
devolver,2
migrantes,2
miguel,2
kan,2
kamiros,2
detentar,2
justo,2
cuestiones,2
militares,2
judicialmente,2
jugo,2
jugadores,2
jugadas,2
diagnosticados,2
ministerio,2
cuento,2
diarios,2
leerlo,2
leerte,2
dir,2
deaths,2
londres,2
debido,2
logrando,2
logr,2
marcado,2
marcar,2
logo,2
locos,2
loca,2
mariale,2
debe,2
llorar,2
llevando,2
marino,2
llevan,2
market,2
marketing,2
long,2
look,2
lot,2
mandatario,2
magreb,2
declara,2
declaraciones,2
declarado,2
decirte,2
malaria,2
malo,2
mando,2
mantiene,2
decreto,2
decidido,2
decidi,2
decenas,2
lpeme,2
love,2
definir,2
dejo,2
martin,2
meno,2
dcast,2
deprimente,2
liderando,2
lideran,2
lidera,2
libres,2
libertad,2
leyes,2
derrota,2
letra,2
mejorar,2
lenguaje,2
legislativa,2
desc,2
melody,2
descargarlo,2
cuyo,2
cuscatl,2
mauricio,2
lima,2
limonero,2
matarse,2
llevaba,2
llegando,2
llega,2
llamadas,2
llama,2
matan,2
democracia,2
mate,2
mato,2
live,2
link,2
deo,2
departamento,2
matem,2
limpiar,2
danilo,2
moda,2
cuales,2
encabeza,2
hortalizas,2
ile,2
naval,2
costo,2
magn,2
eh,2
héroe,2
ej,2
humanidad,2
ejército,2
hugo,2
navide,2
ncipe,2
huella,2
ndale,2
electa,2
how,2
hours,2
imag,2
imagen,2
editorial,2
narcos,2
dünya,2
eat,2
impuestos,2
impropia,2
creados,2
creada,2
cratas,2
imprescindible,2
couple,2
importantes,2
importadores,2
ecosistema,2
ecuador,2
nation,2
implement,2
impacto,2
ndome,2
corta,2
inal,2
elegir,2
herramienta,2
corporal,2
empezar,2
empezaron,2
nete,2
netflix,2
hect,2
coral,2
hechas,2
empleados,2
copia,2
emplearse,2
empleo,2
empty,2
hambre,2
emérito,2
convierte,2
correctas,2
emociona,2
neg,2
necesariamente,2
ne,2
elementos,2
homicidio,2
eliminatorias,2
historias,2
corrupci,2
hilo,2
correspondencia,2
hice,2
correr,2
emiten,2
hidr,2
hiciste,2
necesita,2
necesitaban,2
hicieron,2
duro,2
incaut,2
directamente,2
documento,2
crucial,2
critican,2
interesaba,2
disposici,2
motivaci,2
intentando,2
distintos,2
distribuir,2
diversas,2
movidas,2
insular,2
diversificarse,2
diversos,2
dividen,2
django,2
doble,2
doctora,2
crudas,2
crudité,2
interesantes,2
discurso,2
moderna,2
cuadros,2
ios,2
dirige,2
molina,2
disc,2
invasi,2
money,2
interese,2
months,2
intervenci,2
disfrutado,2
disfrutando,2
internautas,2
crudités,2
disney,2
documental,2
documentos,2
incendio,2
initial,2
incumbents,2
incremento,2
municipales,2
dron,2
muri,2
ducha,2
murieron,2
incorrecta,2
dude,2
due,2
dug,2
my,2
médicos,2
incluidos,2
incluida,2
inclu,2
incidente,2
crecieron,2
incumplen,2
indexa,2
influencer,2
creer,2
inicial,2
dominicana,2
muertos,2
muestra,2
informa,2
donut,2
inflaci,2
india,2
inferior,2
dormir,2
inesperada,2
cree,2
multitud,2
indistintamente,2
indicar,2
abajo,2
patatas,2
exterior,2
recomendaciones,2
reciben,2
transformaci,2
tranquilo,2
recibir,2
build,2
recientemente,2
recientes,2
buenas,2
recomendable,2
recomendamos,2
alcohol,2
recomiendan,2
traen,2
allowed,2
traducirse,2
alma,2
traducci,2
tradicionales,2
alpes,2
recordado,2
bulevard,2
transformar,2
burnout,2
tratamiento,2
radiaci,2
cachorros,2
tribunal,2
ram,2
rate,2
tren,2
raufoss,2
bw,2
tremenda,2
rbol,2
treinta,2
rboles,2
tregua,2
alertas,2
tratan,2
real,2
realiza,2
buscador,2
realizado,2
trabajando,2
recordando,2
recordar,2
amanecer,2
regalé,2
amaré,2
regional,2
registran,2
registrar,2
registro,2
regla,2
boston,2
boris,2
timo,2
reguladores,2
american,2
americanismos,2
tiktok,2
amistad,2
tierna,2
bonito,2
tienda,2
tiburones,2
bowl,2
reforzar,2
tr,2
reforma,2
alta,2
alternativa,2
alternativas,2
recursos,2
redacci,2
redactarlo,2
alto,2
altura,2
brelo,2
reduce,2
redundante,2
reemplazarse,2
brecha,2
alude,2
referentes,2
refiere,2
refieres,2
tomando,2
brasile,2
cadena,2
rabe,2
bomberos,2
casete,2
procedimiento,2
procedimientos,2
cauce,2
categor,2
afirm,2
vacunarse,2
afirman,2
vac,2
again,2
agentes,2
quito,2
ago,2
agosto,2
usado,2
carteles,2
pronunciaci,2
agradecida,2
agradezco,2
propone,2
agrado,2
proced,2
causadas,2
problemas,2
problema,2
afecta,2
presidenta,2
presidentes,2
variar,2
variantes,2
var,2
valorada,2
prevalencia,2
prevent,2
previa,2
previsto,2
celebrarlo,2
primero,2
afectuoso,2
privado,2
private,2
cazadores,2
pro,2
problem,2
united,2
propongo,2
proporciona,2
canad,2
campos,2
queda,2
quejas,2
tulos,2
quer,2
queremos,2
querer,2
queridos,2
cambia,2
tuits,2
quieres,2
cama,2
quince,2
calles,2
quisieras,2
calific,2
alcalina,2
tufts,2
alcanza,2
pérez,2
canal,2
carlo,2
aires,2
unironically,2
propuestas,2
prosecutors,2
understand,2
proviene,2
agéndalo,2
proyect,2
capaz,2
capacity,2
pu,2
publican,2
pueblos,2
puerros,2
türkiye,2
canciones,2
técnico,2
técnica,2
puppeteer,2
pusieron,2
relaci,2
thread,2
presidencial,2
secretos,2
sarah,2
aprovechando,2
aprovechar,2
awards,2
sucedi,2
sucede,2
succession,2
scientist,2
aquella,2
secuelas,2
sabe,2
avanzado,2
state,2
seguramente,2
seguridad,2
arenas,2
autoriz,2
selenium,2
sello,2
autom,2
apropiado,2
suelen,2
santiago,2
ayudar,2
saca,2
superficie,2
bambalinas,2
saga,2
baldetti,2
balazos,2
balance,2
salidas,2
bad,2
supera,2
supe,2
suma,2
apremiante,2
saludable,2
aprendido,2
aprendiste,2
ba,2
azure,2
aprob,2
starlink,2
senado,2
aut,2
artista,2
arturo,2
soporte,2
sida,2
siglos,2
asamblea,2
significado,2
soon,2
sonr,2
asegurar,2
simas,2
ataco,2
simos,2
solteras,2
asesinato,2
since,2
soldados,2
solamente,2
sol,2
small,2
artistas,2
sorpresa,2
austria,2
sostenido,2
sentencia,2
armas,2
sentir,2
spotify,2
sentiste,2
seo,2
sepa,2
serle,2
aumentaron,2
aumentar,2
spacex,2
aumentado,2
aumentada,2
sesgo,2
sesi,2
aumenta,2
arrecife,2
share,2
arriba,2
apolo,2
supremo,2
bolsillo,2
tensiones,2
bini,2
billones,2
terminado,2
anglicismo,2
tercio,2
bility,2
reservando,2
reservas,2
teor,2
tenista,2
aplicada,2
tenis,2
bienvenida,2
respiratorios,2
respond,2
tendencia,2
responsabilizado,2
temperatura,2
ant,2
temer,2
republicanos,2
representan,2
terremotos,2
replicados,2
bolsa,2
boli,2
amplia,2
relevante,2
boca,2
these,2
there,2
th,2
rematar,2
analiza,2
renewable,2
analizar,2
renunciando,2
blanco,2
reparte,2
bitos,2
repasa,2
repaso,2
repercusiones,2
restringido,2
tele,2
techo,2
robinho,2
tahit,2
basura,2
tabla,2
aparece,2
rol,2
ta,2
séptimo,2
basta,2
apartado,2
bases,2
roth,2
roxana,2
aparte,2
apellido,2
rus,2
survey,2
apenas,2
rutas,2
aplicaciones,2
batido,2
bear,2
reto,2
anuncio,2
retorno,2
retos,2
retweet,2
beneficios,2
tatiana,2
revela,2
revelan,2
revelaron,2
tasa,2
tareas,2
tardaron,2
tardado,2
revés,2
ri,2
beijing,2
ride,2
anunciando,2
ritmo,2
beautiful,2
afect,2
reabrir,2
ye,2
actually,2
cola,2
colaboraci,2
playa,2
acerca,2
perd,2
perdido,2
comercializaci,2
plazo,2
potable,2
comerciales,2
please,2
chino,2
water,2
civiles,2
positivos,2
civil,2
ciudadano,2
chiquitos,2
abrir,2
php,2
posici,2
posibilidad,2
plumas,2
pm,2
way,2
plataformas,2
plants,2
able,2
abreviaturas,2
adopci,2
pensaba,2
adolescentes,2
pensamientos,2
charities,2
planeas,2
preferidas,2
pidamente,2
planeta,2
pida,2
planning,2
actualizaci,2
clasificaci,2
year,2
viste,2
versi,2
pera,2
percepci,2
acusado,2
precedentes,2
abrazos,2
vista,2
ves,2
powering,2
abre,2
poseer,2
pez,2
abusaban,2
chocolate,2
virtual,2
cinta,2
why,2
ade,2
ciencias,2
adaptado,2
perrito,2
adaptada,2
acusa,2
vil,2
cinematogr,2
pongo,2
viles,2
vinted,2
cierta,2
vilo,2
cine,2
pondr,2
wilding,2
cima,2
acabar,2
cigarrillos,2
vino,2
pon,2
wilson,2
podéis,2
permiten,2
visa,2
acci,2
accidentes,2
wells,2
xi,2
periodistas,2
abusar,2
pobreza,2
periodo,2
comenz,2
pocho,2
chulo,2
chupar,2
victorias,2
visibilidad,2
permanecen,2
poquito,2
académica,2
adi,2
poderoso,2
poderosos,2
abuso,2
popularidad,2
where,2
vienen,2
viento,2
ventanilla,2
ciles,2
presentamos,2
adri,2
vecinos,2
vender,2
adquirir,2
ceo,2
claves,2
cepa,2
comido,2
viva,2
co,2
premio,2
venes,2
peligro,2
adultos,2
viven,2
pienso,2
vs,2
premios,2
vo,2
actitud,2
vivotecnia,2
preocupados,2
clean,2
pido,2
pie,2
ésta,2
zonas,2
presentado,2
cese,2
cocina,2
compara,2
pregunto,2
cerrado,2
piensan,2
vaticano,2
votos,2
acierta,2
active,2
prefijos,2
wallet,2
presencia,2
centros,2
certificados,2
acorde,2
abierto,2
ceremonia,2
comienzo,2
velas,2
ventana,2
cero,2
pidiendo,2
pendiente,2
planchar,2
vecina,2
aclarar,2
aplazaron,1
aplicar,1
antivacunas,1
evitado,1
acontecimiento,1
duraci,1
evidentemente,1
aplicado,1
api,1
antiterroristas,1
ejemplar,1
ejecutar,1
acaudalados,1
evita,1
edith,1
academia,1
evidente,1
exfiscal,1
anteriormente,1
antibi,1
anticipa,1
anticonstitucional,1
duff,1
apoyar,1
elecci,1
apoyando,1
apoyan,1
anticuerpos,1
antigua,1
apoyado,1
elaborado,1
dunk,1
acabe,1
excusas,1
dunst,1
aconsejo,1
aposici,1
duopolio,1
antiguas,1
ejercitarte,1
duplicar,1
apocada,1
antihéroe,1
dur,1
antinatural,1
ejerc,1
ejec,1
ech,1
dé,1
apagada,1
excess,1
anuar,1
aparatos,1
acojonada,1
anudar,1
acercaba,1
apagafuegos,1
anula,1
ecuanimidad,1
acercamiento,1
edward,1
educativos,1
excelent,1
anunciado,1
apag,1
exclusivamente,1
apadrinar,1
eduardo,1
ediyorum,1
editoriales,1
anza,1
anything,1
aclar,1
anunciar,1
anuncios,1
editado,1
any,1
editora,1
anyone,1
editamos,1
economy,1
economists,1
acondicionados,1
echevarr,1
apertura,1
apendicitis,1
acondicionado,1
antojo,1
déjelo,1
acompa,1
antonom,1
accionista,1
antonomasia,1
acepci,1
eating,1
eficacia,1
exabogado,1
echar,1
efectos,1
eeuu,1
echo,1
ecmascript,1
antropomorfa,1
acomp,1
eco,1
apartamento,1
efectivos,1
acepciones,1
efectivamente,1
aparta,1
anual,1
anuales,1
aparezcan,1
efe,1
af,1
dragon,1
exigencias,1
exportado,1
arrugan,1
artificialmente,1
div,1
exportaciones,1
distribuye,1
abiertas,1
abierta,1
asado,1
distinta,1
disruptivo,1
ascensor,1
disrupci,1
disputar,1
abdominales,1
dispuesta,1
abbey,1
expresado,1
dispositivos,1
dispositivo,1
ascender,1
diversidad,1
arrow,1
divide,1
arriesgamos,1
explicar,1
doblar,1
abran,1
abonados,1
doblando,1
doblada,1
arquitect,1
arranco,1
arranque,1
aboga,1
expo,1
exponen,1
diyar,1
dixie,1
divisas,1
arregl,1
exponencialmente,1
arrest,1
arrestados,1
ascenso,1
disponibles,1
duelo,1
asesino,1
disfraces,1
abandonan,1
asesinados,1
discuss,1
abandona,1
discusi,1
expresiva,1
disculpe,1
disculpas,1
disco,1
asciende,1
express,1
asesora,1
disabled,1
dirty,1
dirigiéndose,1
asia,1
aside,1
dirigir,1
expuesto,1
abandonar,1
asesinadas,1
asentado,1
expresarme,1
asco,1
dispensador,1
disparidad,1
aseg,1
disminuyendo,1
expresamente,1
disingenuou,1
disinfect,1
asegura,1
aseguran,1
abatidos,1
disgustos,1
disgustado,1
disfruté,1
disfruto,1
disfrutar,1
abarca,1
asentada,1
disfrutamos,1
arque,1
doblegar,1
around,1
aprobara,1
aprieta,1
drawing,1
aprobado,1
dramas,1
dram,1
evidencias,1
expected,1
expensive,1
doy,1
downvote,1
aro,1
downton,1
apropiadas,1
dostum,1
aprovechamos,1
abusivo,1
dosto,1
dormitorios,1
apuesta,1
apuntamos,1
drink,1
droga,1
drogas,1
acababa,1
duele,1
acaban,1
existencia,1
existing,1
exitoso,1
apoyarte,1
apps,1
exjugador,1
exparejas,1
acabada,1
aprendas,1
aprended,1
aprenderlas,1
dromo,1
aprendiendo,1
expat,1
aprensi,1
expectativa,1
apreta,1
apunto,1
experiencias,1
dormido,1
argentino,1
dominan,1
dominada,1
armada,1
expertas,1
armadas,1
armado,1
dollar,1
armados,1
abrigo,1
doler,1
doing,1
doesn,1
does,1
doen,1
doe,1
explicaciones,1
armando,1
documentales,1
explican,1
abril,1
dominante,1
doreen,1
experimenten,1
aquel,1
abuelo,1
aquellas,1
aqui,1
aranoa,1
experimentado,1
arauca,1
experimentando,1
dona,1
araujo,1
arcas,1
dominio,1
archivos,1
arduo,1
aren,1
arena,1
dominar,1
experimentaron,1
experimente,1
elections,1
actuaci,1
everyone,1
aislados,1
esperanza,1
entero,1
aislante,1
entereza,1
entere,1
enterarse,1
ajuar,1
entendi,1
entenderé,1
ajusta,1
ajustan,1
entendemos,1
ensucian,1
ala,1
ensamblar,1
enrollado,1
admiraci,1
alameda,1
alardear,1
admiradas,1
admiradores,1
albal,1
aire,1
ahoga,1
ahogan,1
ahorrar,1
ahorro,1
ahorros,1
ahuachapan,1
adnan,1
air,1
entramos,1
entrado,1
airdots,1
entrada,1
admite,1
admit,1
entra,1
entorpecer,1
esperabas,1
entorno,1
admiran,1
enough,1
albergan,1
everybody,1
espuma,1
adirle,1
aldea,1
adil,1
adieron,1
alegre,1
adiendo,1
alejandra,1
enfrentan,1
alemana,1
adido,1
enfrentamos,1
enfrentamiento,1
alemania,1
enfoque,1
enfocadas,1
espurio,1
enfermedades,1
esqu,1
enfadada,1
alcanzo,1
enganch,1
admirables,1
engancha,1
enorme,1
administration,1
espinas,1
enmoqueta,1
enlaces,1
espionaje,1
administran,1
adjetivo,1
alcald,1
espn,1
espor,1
alcaldes,1
esposo,1
enigm,1
adivinas,1
alcanzados,1
engrosar,1
alcanzaron,1
engineering,1
ahmed,1
entregas,1
entreguen,1
escena,1
escasos,1
esforzaremos,1
escasez,1
escape,1
escapar,1
escala,1
esfuerce,1
afganos,1
advertising,1
afiliate,1
afina,1
esfuerzo,1
advertido,1
esfuerzos,1
erskine,1
adverbios,1
erre,1
ero,1
afirmativo,1
advierte,1
afganist,1
espectadores,1
afeitarme,1
escritora,1
escritor,1
escritas,1
aeropuertos,1
escribiros,1
afectada,1
escuchar,1
aeron,1
afectado,1
escuché,1
escriben,1
afectados,1
afectan,1
advierten,1
escrib,1
esclavitudes,1
esclava,1
escueta,1
esdr,1
aduanas,1
africano,1
after,1
erguidos,1
adoptar,1
especial,1
especialmente,1
agresivo,1
enviaremos,1
agrupaciones,1
aguantarme,1
aguda,1
agujeros,1
adopt,1
envejecimiento,1
env,1
entérate,1
entrevistando,1
especificativa,1
entrevistan,1
entrevistados,1
ahjam,1
espectaculares,1
espacios,1
adopted,1
agresiones,1
ads,1
espacial,1
against,1
age,1
agitar,1
eraun,1
er,1
equivoquemos,1
equivalentes,1
equivalencias,1
adquiriste,1
equivalen,1
agr,1
agradable,1
agradece,1
episodio,1
epicentro,1
adquisici,1
envolviendo,1
adicionales,1
energética,1
adhanom,1
analistas,1
actuales,1
emitieron,1
emitido,1
etera,1
analizados,1
ethel,1
ancho,1
ancianos,1
ethereum,1
anda,1
emily,1
andando,1
ando,1
euro,1
emergencia,1
embobados,1
embe,1
europeas,1
escuchados,1
analiz,1
actualidad,1
empleado,1
analista,1
acu,1
emplea,1
empiezo,1
actuando,1
amlo,1
actualizados,1
empezamos,1
empezado,1
empez,1
empeoramiento,1
amo,1
empalme,1
empalmadora,1
ampliamente,1
estudios,1
emoji,1
estupenda,1
eta,1
etapa,1
europeo,1
embarcaciones,1
embarazo,1
embarazada,1
eligen,1
elige,1
elevado,1
annunzio,1
anoche,1
actitudes,1
anochecer,1
act,1
elegante,1
acos,1
anos,1
electronics,1
every,1
anotaciones,1
ansias,1
electrolinera,1
electricity,1
electr,1
acordaba,1
eligieron,1
ankara,1
eventos,1
elo,1
android,1
actrices,1
andré,1
actores,1
embajada,1
actividades,1
eléctricos,1
elon,1
elmer,1
animas,1
anillo,1
activaron,1
animada,1
elisa,1
evaluando,1
animal,1
activar,1
activan,1
americano,1
estrés,1
alentadores,1
encourage,1
alimento,1
alisado,1
adaptaci,1
acusan,1
alison,1
encontrados,1
acusados,1
allergic,1
encontrada,1
estadounienses,1
estancado,1
alofa,1
encerrarme,1
alpinistas,1
estatus,1
estilista,1
encerrado,1
alquilar,1
encendida,1
estadios,1
alimentarse,1
estructuras,1
aliment,1
asignadas,1
alerta,1
adeptos,1
ene,1
adelantarse,1
alexéi,1
establecida,1
estableciendo,1
algebraicamente,1
algecire,1
encuentros,1
estaci,1
encuentro,1
encuentran,1
alguno,1
encouraging,1
adaptados,1
aliados,1
alianza,1
alrededores,1
altas,1
encapsulando,1
acumular,1
estrenada,1
amar,1
empujaron,1
empujan,1
estreno,1
estresante,1
amarillos,1
estresantes,1
amas,1
amazon,1
estrictas,1
ambientalistas,1
emprender,1
amelio,1
emprende,1
amenaz,1
amenazan,1
estropeado,1
america,1
estrenaba,1
enacted,1
enantiosemia,1
encaje,1
estimada,1
acumulado,1
estopa,1
altos,1
encanto,1
encantar,1
acumulaci,1
alucinante,1
acudir,1
amancio,1
amable,1
encabezar,1
encabezan,1
amadrinar,1
amalia,1
estremece,1
estren,1
aman,1
asigna,1
comparan,1
dirigida,1
corrupt,1
costas,1
costado,1
cosmopolita,1
causando,1
causaron,1
cay,1
cazador,1
cortarme,1
cede,1
ceja,1
celebrados,1
celebramos,1
costoso,1
corrigi,1
celebran,1
celsius,1
correctos,1
cenando,1
ceniza,1
cenizas,1
censo,1
centenar,1
central,1
centrales,1
cattrall,1
cotis,1
centrarse,1
cre,1
creativo,1
casaci,1
creas,1
casanova,1
creando,1
casas,1
cascadas,1
creadora,1
creado,1
casera,1
creaciones,1
crazier,1
could,1
caseras,1
casetes,1
casito,1
cover,1
casoplones,1
castellano,1
castigo,1
castilla,1
castro,1
cat,1
catalanes,1
corre,1
corona,1
crece,1
chandi,1
convenios,1
convene,1
challenges,1
convenciones,1
convaleciendo,1
controlar,1
chance,1
contratiempos,1
contrastar,1
contrasta,1
contrarrestar,1
contrajo,1
conversor,1
contrajeron,1
change,1
contraer,1
contracts,1
chao,1
continuo,1
charli,1
cheap,1
cheaper,1
continuamente,1
chelo,1
chalecito,1
cervantes,1
corea,1
coordinar,1
cord,1
corbevax,1
centro,1
corazones,1
coraz,1
centroamericano,1
copywriting,1
copperpot,1
century,1
copas,1
copan,1
cooperaci,1
certificarte,1
cerdo,1
conviertan,1
conviene,1
cerrar,1
cerrarlas,1
certainly,1
convertirse,1
certainty,1
certeza,1
certificado,1
convertidos,1
carretera,1
carrera,1
dirig,1
calma,1
cuc,1
cubos,1
café,1
cubierta,1
cag,1
cuba,1
calamar,1
cuauhtémoc,1
calcule,1
calefacci,1
california,1
camargo,1
cae,1
cambiante,1
cuajan,1
cuadrantes,1
cuadrado,1
cambié,1
came,1
ctima,1
ctico,1
caminan,1
caminata,1
camisa,1
cucharillas,1
cad,1
camisetas,1
butacas,1
buscad,1
buscado,1
cuidar,1
buscados,1
cuidados,1
buscando,1
buscaremos,1
cuesto,1
buscaré,1
cuestionamos,1
cuestiona,1
buzos,1
cacahuetes,1
cuesti,1
béiguel,1
bélico,1
büyüktür,1
cuerpa,1
caballer,1
cabe,1
cabrito,1
caca,1
cuente,1
cacahuete,1
camisas,1
cter,1
crecen,1
caqui,1
canto,1
cap,1
capa,1
creencias,1
capitalizaci,1
capt,1
creen,1
creemos,1
captain,1
captar,1
capturado,1
car,1
cannabis,1
caract,1
crecimient,1
caracter,1
caras,1
cargo,1
creciente,1
cargos,1
crecido,1
caro,1
caros,1
carpe,1
cantan,1
crepuscular,1
campaign,1
criticaron,1
ct,1
crysthian,1
crypto,1
cruzan,1
campaigners,1
cruzado,1
cruz,1
cruel,1
crudo,1
canada,1
croma,1
canales,1
crew,1
canarios,1
criterio,1
canci,1
cristina,1
candidatos,1
cristiano,1
candidaturas,1
cane,1
criptomonedas,1
criptoactivos,1
canl,1
chico,1
chidas,1
continent,1
color,1
cole,1
colectivo,1
colegas,1
conexi,1
conectados,1
colgando,1
colgar,1
collie,1
conduce,1
coloca,1
condensaci,1
condenado,1
confieso,1
columna,1
condena,1
concuerda,1
columnistas,1
columpio,1
combat,1
concordancia,1
concluy,1
combatir,1
combinaci,1
combinaciones,1
colch,1
confinada,1
concentrarme,1
cohete,1
conoces,1
cochran,1
conocemos,1
cocinar,1
cocodrilos,1
cono,1
conmocion,1
codicia,1
conmemoraremos,1
conmemorar,1
cogiendo,1
conlleva,1
confinados,1
conjuntamente,1
congratulations,1
conformar,1
conflicto,1
cohonestar,1
coinciden,1
cojea,1
confirmo,1
confirman,1
confirm,1
colacao,1
combustibles,1
concentraremos,1
childers,1
compite,1
compr,1
complicarle,1
complicado,1
complicaciones,1
comiendo,1
completos,1
completo,1
extendido,1
coming,1
comitivas,1
complejo,1
commence,1
comida,1
competici,1
comparto,1
commercial,1
common,1
comodidades,1
compaginar,1
compartimos,1
compartiendo,1
comparti,1
comparado,1
comparativa,1
comidas,1
comicios,1
concentraci,1
compuestas,1
comenta,1
comentario,1
comentarios,1
comunidades,1
comunicado,1
comenzado,1
comenzando,1
comunicaci,1
comenzaste,1
comunes,1
comer,1
compromisos,1
cometidos,1
comprometido,1
comprendidos,1
comercio,1
compras,1
comprarse,1
comprarlo,1
comerme,1
comes,1
compran,1
compradores,1
cometer,1
coche,1
conocidas,1
conocido,1
ciervos,1
contactes,1
contactar,1
cien,1
contact,1
cont,1
consumption,1
cientos,1
consumidores,1
cierres,1
consumidas,1
ciertas,1
cifras,1
contactos,1
consumen,1
consume,1
consum,1
cillizza,1
cilmente,1
consultora,1
consulta,1
cines,1
consult,1
construye,1
construy,1
cielos,1
contado,1
conociendo,1
contenedor,1
chilenos,1
chilling,1
chinches,1
chip,1
chipre,1
chips,1
contesto,1
chiquita,1
contestarle,1
choca,1
chocado,1
choice,1
contados,1
choices,1
chris,1
christiane,1
chromium,1
contaminado,1
cicer,1
ciclo,1
cid,1
cielo,1
contagiarse,1
contagi,1
cinismo,1
construiremos,1
cintur,1
click,1
clave,1
conservo,1
conservatory,1
conservas,1
conservarlo,1
conserva,1
consequences,1
consentido,1
clavé,1
cleaner,1
clemas,1
consejitos,1
circu,1
clientes,1
climate,1
conseguirlas,1
conseguido,1
consecutivo,1
clippear,1
club,1
conquistar,1
cnn,1
conocimiento,1
coahuila,1
consideraciones,1
considerado,1
clavaste,1
considerar,1
circunstancia,1
construcciones,1
cirujano,1
cita,1
citan,1
constitucional,1
citas,1
citrus,1
consternaci,1
ciudadan,1
conspiranoicos,1
clamor,1
consortium,1
consonante,1
clarific,1
consiste,1
clase,1
clases,1
consigue,1
considérelo,1
considero,1
clasificado,1
considerarse,1
bus,1
burs,1
burnham,1
desempe,1
desinfectar,1
design,1
desgracia,1
ayudaba,1
ayudan,1
deserve,1
desenlace,1
ayudita,1
ayuno,1
ayyyy,1
azares,1
desee,1
desnivel,1
azul,1
deseamos,1
dese,1
descuentos,1
descuento,1
baches,1
descubrimiento,1
back,1
descubrieron,1
descubren,1
backend,1
desistas,1
desoladora,1
bacterias,1
comparar,1
destinatario,1
destinan,1
destacas,1
avanzadas,1
destacado,1
avanzar,1
avenida,1
destacadas,1
aventurera,1
aventureras,1
avergüenzan,1
desprecian,1
despacho,1
avisa,1
desplazamientos,1
aviso,1
avivado,1
despierta,1
despidieron,1
despidi,1
despenaliz,1
despeja,1
despedimos,1
ayayayayayay,1
backups,1
descubierta,1
bastiones,1
barré,1
derriti,1
barco,1
derribados,1
bardem,1
derogado,1
bares,1
baricitinib,1
barra,1
barrer,1
deres,1
barro,1
basadas,1
dersinde,1
basado,1
based,1
basic,1
derecha,1
der,1
basquetbolista,1
deportivos,1
deportivo,1
deportista,1
deporte,1
deportar,1
barcelona,1
desaceleraci,1
descriptiva,1
bananas,1
descortés,1
bacteriemia,1
desconocida,1
desconfianza,1
balde,1
baleares,1
desayunando,1
bamelo,1
bamos,1
bana,1
desat,1
banco,1
desaconseja,1
bancos,1
desarrollan,1
desarrolladora,1
desarrollada,1
desaparecida,1
desaparecer,1
desagradable,1
desafiante,1
bangladesh,1
bangladés,1
desactivan,1
avalancha,1
avala,1
av,1
difiere,1
digno,1
digna,1
atendido,1
atentado,1
digas,1
atento,1
digan,1
dig,1
difundir,1
atentos,1
difundes,1
dificultades,1
ataques,1
atenuar,1
diferir,1
aterrada,1
aterrizaje,1
aterrizar,1
atletas,1
diferencias,1
diferencia,1
atrapada,1
dieta,1
diet,1
atenci,1
digos,1
destituir,1
assange,1
directora,1
asignatura,1
asistencia,1
asistir,1
asociados,1
directivas,1
asolapado,1
directing,1
aspecto,1
aspiradora,1
directa,1
asterisco,1
dijeran,1
asteroide,1
diputado,1
dip,1
diosa,1
asumimos,1
asuntos,1
dinamarca,1
din,1
dimos,1
dimensi,1
dijeron,1
diesen,1
atrasar,1
dieran,1
determinado,1
aumenten,1
aunue,1
austen,1
diablos,1
diabetes,1
dgaf,1
devolveremos,1
austr,1
developer,1
australiana,1
devastadoras,1
autoant,1
atrevidas,1
autoedici,1
determin,1
autolavado,1
detentan,1
detenido,1
detectados,1
automovil,1
detallado,1
desvela,1
autorizados,1
destrozasen,1
diamante,1
aumentando,1
dibujitos,1
dibujo,1
diem,1
diego,1
dieciseisavo,1
dieciseisava,1
atropella,1
didn,1
attack,1
dictator,1
attenborough,1
aud,1
dictador,1
audiencias,1
dicos,1
audio,1
auge,1
aula,1
aulas,1
aument,1
dicha,1
dices,1
aumentan,1
dica,1
dic,1
deportado,1
dependiendo,1
burn,1
bostezo,1
bonitos,1
deba,1
deb,1
bono,1
bonos,1
book,1
borde,1
days,1
day,1
border,1
bordo,1
date,1
bonds,1
dat,1
das,1
darte,1
bota,1
darle,1
darian,1
bote,1
dapps,1
brace,1
braga,1
dando,1
boniteces,1
debate,1
damnificados,1
debilidad,1
decidimos,1
blanda,1
blender,1
decided,1
decida,1
block,1
decena,1
blockchain,1
decades,1
bloqueado,1
bloquear,1
bo,1
bombilla,1
bobby,1
debieron,1
bodyweight,1
boisfeuras,1
bolera,1
bolsillos,1
debi,1
bolsonaro,1
bomb,1
bomba,1
deben,1
brains,1
branches,1
depender,1
cumpliendo,1
bros,1
bruja,1
brujer,1
bruto,1
bu,1
curr,1
cura,1
bucle,1
bue,1
cumplirla,1
cumplimi,1
cumplea,1
bronx,1
cumhuriyeti,1
culturales,1
cultural,1
cultivos,1
culta,1
culpado,1
culpa,1
built,1
buque,1
bureta,1
burger,1
cursando,1
brontë,1
brand,1
cynicism,1
dama,1
dam,1
dalmau,1
dale,1
dakariano,1
daha,1
daddy,1
daban,1
breaking,1
daba,1
céntrico,1
brillan,1
curva,1
cyber,1
brilliant,1
brind,1
brinda,1
custodia,1
brioche,1
brit,1
britney,1
briton,1
bro,1
broma,1
decidir,1
black,1
decimosexto,1
delante,1
delta,1
bellas,1
delo,1
belongs,1
below,1
della,1
delitos,1
delegaci,1
dele,1
ben,1
benefician,1
dejéis,1
demanda,1
beneficiando,1
beneficio,1
dejes,1
dejen,1
bennie,1
deje,1
dejasen,1
dejaron,1
dejarlo,1
benputa,1
dejando,1
demagogia,1
demandan,1
decirle,1
beat,1
bata,1
batall,1
depende,1
batiendo,1
denunci,1
dentista,1
batir,1
beagle,1
densa,1
denominaciones,1
beagles,1
denominaci,1
demandante,1
beato,1
demuestra,1
demoday,1
democracias,1
become,1
demasiados,1
beginning,1
behind,1
beige,1
demasiadas,1
demands,1
berlin,1
dejamos,1
dejado,1
billetes,1
bigote,1
bike,1
bilateral,1
dedicando,1
dedicada,1
dedicaban,1
ded,1
decrépito,1
bill,1
billeteras,1
decoraci,1
decomisadas,1
bermudas,1
billion,1
decomis,1
declararse,1
biontech,1
biotecnol,1
bir,1
birazdan,1
decisiones,1
bitches,1
bitcoiners,1
decirnos,1
dedo,1
dedos,1
defend,1
defender,1
bernardo,1
besa,1
beso,1
best,1
degüellos,1
betania,1
defraudas,1
beyonce,1
biblia,1
bic,1
definitivo,1
bicas,1
definitivamente,1
bicho,1
bici,1
bico,1
definiciones,1
bienvenid,1
bienvenido,1
deficit,1
defensor,1
defends,1
biestrellados,1
aviar,1
öncelikle,1
exteriores,1
recibiste,1
rechazan,1
rechazaron,1
rechazo,1
recibiendo,1
recibimiento,1
recibirle,1
recibirlo,1
recoger,1
recemos,1
recolecci,1
recommend,1
recommendations,1
recompensas,1
reconforta,1
reconoce,1
reconocerme,1
rechazaba,1
receipts,1
provocar,1
ready,1
razonable,1
rdenas,1
rea,1
reabra,1
reacci,1
reach,1
read,1
reali,1
recaudaci,1
reality,1
realizaci,1
realizan,1
realizando,1
reason,1
recalc,1
recaud,1
reconoci,1
reconocido,1
reconocidos,1
regresar,1
refresca,1
refuerza,1
regal,1
regalo,1
region,1
registraron,1
reglamentaciones,1
regresaron,1
record,1
regresemos,1
regresi,1
regularmente,1
rehacer,1
reinado,1
reinas,1
reinsertados,1
reflexi,1
reflejar,1
refleja,1
refiero,1
recordamos,1
recovecos,1
recuento,1
recuerde,1
recuerdos,1
recuperan,1
recupere,1
recupérate,1
recurra,1
reddit,1
redondel,1
redonditas,1
reestructurar,1
refer,1
referente,1
raza,1
rayban,1
raya,1
quedaba,1
purgatorio,1
puso,1
put,1
puta,1
pérdidas,1
qa,1
qu,1
quedaban,1
quemar,1
quedamos,1
quedar,1
quedaron,1
quedarse,1
queden,1
quedé,1
quej,1
puntual,1
puntuaci,1
puntaje,1
pum,1
proyectan,1
prp,1
pruebe,1
présidente,1
psicodélicos,1
public,1
publica,1
publicamos,1
publicar,1
pudo,1
puente,1
puertas,1
puertos,1
puestos,1
puff,1
quemado,1
quepa,1
rato,1
ragatanga,1
rachas,1
racial,1
radetzky,1
radiadores,1
radiof,1
rafa,1
rafy,1
ralentizarse,1
quererla,1
ramas,1
ramos,1
rascacielos,1
rasgos,1
raspberrypi,1
rastro,1
ratio,1
racha,1
ra,1
quite,1
quitarme,1
querida,1
querr,1
quiera,1
quieran,1
quieren,1
quijano,1
quilates,1
quinientos,1
quisieron,1
quisimos,1
quit,1
quita,1
quitado,1
quitar,1
quitarlo,1
reinstate,1
reintegro,1
rel,1
rodr,1
roba,1
robado,1
robert,1
roberto,1
rococ,1
rodeada,1
rodolfo,1
rogelio,1
rompiste,1
rohingya,1
rohiny,1
role,1
rollo,1
rom,1
roman,1
romanas,1
rob,1
rnosla,1
rmrmrm,1
rmacos,1
reventabas,1
reverte,1
revisamos,1
revolcado,1
revoluci,1
rganos,1
ricamente,1
ricas,1
riding,1
riguroso,1
riqu,1
riquito,1
risk,1
risks,1
rivera,1
romance,1
room,1
revel,1
salen,1
sacrificar,1
sacrificio,1
sacude,1
said,1
salario,1
saldr,1
saldremos,1
sales,1
rosa,1
salido,1
salirme,1
salirte,1
salta,1
salude,1
saludos,1
salvando,1
sacarle,1
sacando,1
sacada,1
sabido,1
roses,1
roto,1
rudy,1
ruling,1
rumba,1
rurales,1
rusa,1
rusas,1
ruso,1
rusos,1
rvase,1
récords,1
réquiem,1
sabed,1
saberlo,1
revelado,1
reubicada,1
relacionado,1
reparaciones,1
removes,1
rencor,1
renovado,1
renta,1
renunci,1
renuncia,1
renunciado,1
reparar,1
representante,1
reparations,1
reparto,1
repente,1
repetido,1
report,1
reporta,1
represalia,1
removerme,1
remil,1
remesas,1
rematador,1
relacionales,1
relacionan,1
relaciones,1
relanzamiento,1
relata,1
relativamente,1
relativo,1
relato,1
released,1
relectura,1
relevancia,1
relevantes,1
religi,1
relleno,1
relojes,1
representaba,1
reprime,1
retrasos,1
resultan,1
respondimos,1
responsables,1
respuestas,1
restablecido,1
resto,1
restricciones,1
resultados,1
resumen,1
repsol,1
resumimos,1
resurgimiento,1
retador,1
retadora,1
retarse,1
retocado,1
retoman,1
respondi,1
responde,1
respirador,1
respectivamente,1
repugna,1
repugnantemente,1
requiere,1
requieren,1
rescatar,1
rescatarla,1
rese,1
residencia,1
residencias,1
residir,1
resiste,1
resistentes,1
resolv,1
respaldo,1
respecta,1
proyectaba,1
provocado,1
externos,1
piso,1
pillo,1
pintan,1
pintar,1
pintarte,1
pionero,1
piratas,1
pis,1
pistoletazo,1
pillan,1
pita,1
pizza,1
pizzer,1
pizzero,1
pl,1
plancha,1
planchada,1
pillar,1
pilla,1
provoca,1
pickup,1
peruana,1
peruanas,1
pesadilla,1
pesado,1
petici,1
philipppe,1
picked,1
pico,1
pies,1
picos,1
piden,1
pidi,1
piedra,1
piensa,1
piensas,1
pierde,1
plancio,1
planeado,1
planean,1
policiales,1
poderes,1
poderos,1
podio,1
podremos,1
poetas,1
point,1
polarizaci,1
political,1
planta,1
politicians,1
politics,1
pollo,1
pollos,1
polo,1
polvo,1
polvora,1
podcast,1
pocket,1
pobres,1
poblados,1
plantar,1
plante,1
planteado,1
plasmado,1
playas,1
plaza,1
plena,1
plenaria,1
plenas,1
plenty,1
pliegan,1
plot,1
plurinacionalidad,1
po,1
poblaciones,1
pertinencia,1
pertenecer,1
perspectivas,1
pedro,1
peak,1
peculiar,1
ped,1
pedacito,1
pedazo,1
pedido,1
pedidos,1
pega,1
peligroso,1
pegaba,1
pegaron,1
peina,1
peinado,1
pelazo,1
pelea,1
peleona,1
pe,1
pdr,1
paypal,1
paula,1
paréntesis,1
pasada,1
pasarlas,1
pasarme,1
pasaron,1
paseo,1
pata,1
patas,1
path,1
patrias,1
patricia,1
patrimonio,1
patrones,1
patrulla,1
patrullera,1
peli,1
pelotillas,1
perspectiva,1
perritos,1
perfil,1
periodsta,1
peritos,1
permanecer,1
permanente,1
permiso,1
permitir,1
perros,1
peluquero,1
perseverancia,1
persiguen,1
persistido,1
personaje,1
personalidad,1
personalidades,1
personnel,1
perfecto,1
perfect,1
perfeccionista,1
perez,1
penaltito,1
pendientes,1
penetraci,1
peninsular,1
penny,1
pensilvania,1
pent,1
penumbra,1
pepera,1
percibo,1
percy,1
perder,1
perdiendo,1
perdone,1
perdono,1
poncela,1
pone,1
ponen,1
proclamarse,1
prnl,1
probada,1
probar,1
probarla,1
probarlo,1
probemos,1
probé,1
procurado,1
profesor,1
prodigio,1
producing,1
product,1
production,1
producto,1
profe,1
profesionalidad,1
prix,1
prisi,1
priorizar,1
prioriza,1
preso,1
presuntamente,1
presuntos,1
presupuesto,1
pretend,1
pretenda,1
pretender,1
pretexto,1
previo,1
price,1
primaria,1
primavera,1
primerio,1
princesa,1
prioridade,1
profesionalmente,1
profesora,1
presidenciales,1
protagonizada,1
proponer,1
propongas,1
proporcional,1
proporcionar,1
propuesta,1
propuso,1
protagonistas,1
protege,1
profesores,1
protegeros,1
protegida,1
protegidas,1
protocolo,1
proveedores,1
provendr,1
provoc,1
proponen,1
propietaria,1
propiedad,1
pronunciado,1
profundizar,1
profundos,1
programador,1
programas,1
prohibido,1
prohibiendo,1
project,1
promedio,1
promete,1
prometo,1
promociones,1
promotes,1
promoting,1
promover,1
pronominal,1
presidency,1
presi,1
ponerme,1
positiva,1
posa,1
posan,1
pose,1
posee,1
posesi,1
posicionados,1
posicionar,1
posponiendo,1
powerpoint,1
possible,1
postal,1
postgresql,1
postularse,1
postura,1
potabilizadora,1
potencial,1
portuaria,1
portales,1
portal,1
portadas,1
ponernos,1
ponerse,1
ponga,1
pongan,1
pongas,1
poniendo,1
ponles,1
ponérsela,1
poppins,1
popular,1
population,1
populismo,1
porcentuales,1
pork,1
porra,1
powerful,1
practique,1
presento,1
presenta,1
prepara,1
preparada,1
preparados,1
preparan,1
prepares,1
preposici,1
prescindir,1
presentada,1
pre,1
presentador,1
presentadoras,1
presentan,1
presentando,1
presentarse,1
presenten,1
presentes,1
prep,1
preocupantes,1
preocupante,1
preocupan,1
precauciones,1
preciosa,1
precisamente,1
predice,1
predictions,1
preet,1
preferido,1
prefiero,1
prefijadas,1
pregonero,1
pregunté,1
premiado,1
premises,1
preocupaci,1
preocupad,1
salvar,1
salvo,1
sanciona,1
under,1
ucraniano,1
uelo,1
ugolino,1
ulloa,1
umberto,1
unanimidad,1
uncom,1
unidad,1
ubicado,1
unidades,1
unidas,1
uniforme,1
uniones,1
unipolar,1
universo,1
unstoppably,1
ubicar,1
türkçe,1
sancionado,1
turcos,1
tuitera,1
tuiteras,1
tuiteros,1
tupadreesamunike,1
turbio,1
turcas,1
turco,1
turismo,1
tüm,1
turkey,1
turkiye,1
tve,1
tweet,1
tweeted,1
twice,1
término,1
upon,1
urbana,1
urge,1
vascos,1
valiente,1
valioso,1
valiosos,1
vallada,1
valley,1
vano,1
vasco,1
vasile,1
uriel,1
vaso,1
vaticina,1
vayamos,1
vayas,1
vecino,1
vegana,1
veh,1
valid,1
valga,1
valencia,1
valdr,1
usando,1
usarlo,1
user,1
users,1
using,1
usos,1
uticos,1
utiliz,1
utilizamos,1
utilizando,1
utilizarse,1
vacations,1
vacunar,1
vacunaros,1
vacunen,1
tuestan,1
truth,1
truco,1
tontos,1
toledo,1
tomadas,1
tomaste,1
tomo,1
tonito,1
tonta,1
tonto,1
top,1
trabajan,1
tope,1
topic,1
topple,1
torno,1
tostada,1
totally,1
tour,1
today,1
tocar,1
toca,1
titular,1
tifikos,1
tigre,1
tigretones,1
tilas,1
tiles,1
timeline,1
timidez,1
tip,1
tipado,1
tips,1
tir,1
tirado,1
tiras,1
tiro,1
tiros,1
trabajador,1
trabajas,1
tropical,1
tribu,1
tratamientos,1
tratar,1
tratarse,1
travelers,1
traveling,1
trends,1
trial,1
tribunas,1
trabajos,1
tributaria,1
tristes,1
triunfan,1
triunfando,1
triunfar,1
trofeos,1
tropas,1
tratados,1
trasporte,1
trasplantes,1
trasladar,1
tradicional,1
traducciones,1
trae,1
traemos,1
traer,1
trafalgar,1
traiciones,1
tralagar,1
trama,1
transacciones,1
transferir,1
transforma,1
transportaban,1
transporte,1
trasera,1
veintitrés,1
vela,1
velero,1
week,1
wa,1
waddell,1
want,1
washed,1
washington,1
waste,1
waters,1
weeks,1
whether,1
weems,1
weiss,1
welcomed,1
were,1
western,1
whatever,1
whatsapp,1
vértigo,1
vélez,1
vulnerables,1
vulcan,1
volcanes,1
volcanoes,1
volumen,1
voluntad,1
voluntario,1
volv,1
volvi,1
volvimos,1
voorbeeld,1
vota,1
votaci,1
votar,1
vue,1
vuelta,1
vuelto,1
when,1
while,1
voces,1
ziyaret,1
yes,1
young,1
yourselves,1
youtube,1
zapatero,1
zara,1
zelandia,1
zoals,1
wifi,1
zodiaco,1
zolea,1
zoom,1
zweig,1
época,1
ése,1
ésto,1
yerba,1
yay,1
yankee,1
yakarta,1
wish,1
wishing,1
wo,1
wondered,1
word,1
wordle,1
wuhan,1
xael,1
xddd,1
xfavor,1
xido,1
xime,1
xiomara,1
xx,1
xxi,1
vogue,1
vocales,1
velocidad,1
veteranos,1
versiones,1
verte,1
very,1
vestida,1
vestido,1
vestidos,1
vestir,1
veterinario,1
videojuegos,1
viajado,1
vibes,1
vibra,1
vibrar,1
vibras,1
vicepresidenta,1
victoriana,1
verles,1
verla,1
verguenza,1
vergara,1
vencedora,1
vende,1
vendedores,1
venderlo,1
vendo,1
venga,1
vengo,1
venido,1
venimos,1
ventaja,1
ventajas,1
ventanas,1
verbalmente,1
verdadera,1
verdes,1
victorioso,1
videoperiodista,1
vladimir,1
visitantes,1
virtuales,1
visible,1
visionary,1
visit,1
visitada,1
visitado,1
visitados,1
visitar,1
videos,1
vistas,1
visual,1
visualmente,1
vitto,1
vivan,1
vivi,1
viviendo,1
viral,1
violenta,1
violencia,1
violaci,1
vieja,1
viejos,1
vientos,1
vieron,1
view,1
vigentes,1
vigilia,1
vigor,1
vigésimosecular,1
viii,1
villa,1
vincula,1
vinculas,1
viniste,1
vintage,1
tierras,1
thursday,1
thoughts,1
smith,1
sitios,1
sitos,1
situarse,1
slam,1
sleep,1
smallest,1
smart,1
sobrepasaban,1
somebody,1
socorro,1
sofisticada,1
sola,1
solicitado,1
solicitud,1
solt,1
solucionar,1
sitio,1
siquiera,1
sintético,1
singapur,1
siguiendo,1
sil,1
silenciosa,1
siles,1
silicon,1
silla,1
similar,1
similares,1
simpat,1
simple,1
simples,1
simult,1
sinceros,1
sindicales,1
sinf,1
soluciones,1
someone,1
signo,1
sources,1
sostener,1
sostiene,1
sostienen,1
sotrovimab,1
soulmates,1
sound,1
source,1
spark,1
someterlo,1
speak,1
speaking,1
spears,1
spending,1
spiderman,1
sport,1
squedas,1
sostendré,1
sorteos,1
sorteo,1
sorrentino,1
sonny,1
sonre,1
sonreir,1
sonriente,1
sony,1
sooooo,1
sopa,1
sopoo,1
soport,1
soporto,1
sorprende,1
sorprendente,1
sorprenderte,1
sorprendi,1
sorprendiera,1
signos,1
significativo,1
stacked,1
secundario,1
searching,1
sebasti,1
secci,1
secretaria,1
secuela,1
secuencia,1
secundaria,1
sedal,1
selecta,1
seeking,1
segmento,1
segu,1
seguido,1
seguidos,1
segun,1
seguros,1
scott,1
school,1
say,1
sats,1
sand,1
sanidad,1
sanitaria,1
sanitarias,1
sanitarios,1
sanos,1
santi,1
santill,1
saques,1
saqué,1
sara,1
saravena,1
satisfacci,1
satisfacer,1
satisfecho,1
selamlar,1
sem,1
significar,1
shout,1
seur,1
seuss,1
sexta,1
sexuales,1
sharon,1
shiv,1
shkreli,1
shows,1
semestre,1
sic,1
sicamente,1
sicas,1
sico,1
sientan,1
sigas,1
significados,1
sesgado,1
servidores,1
servido,1
servida,1
semiconductores,1
sencillo,1
sender,1
sense,1
sensibilizaci,1
sentado,1
sentarnos,1
sentenciado,1
sep,1
separar,1
separarte,1
serbio,1
serena,1
serpiente,1
servicios,1
sr,1
stacking,1
thought,1
taufatofua,1
taquilleras,1
tar,1
tardanza,1
tardar,1
tardes,1
tasas,1
tatuajes,1
taxista,1
tem,1
team,1
tedros,1
teenage,1
tegen,1
tejado,1
telecomunicaciones,1
telefon,1
taquillera,1
taquilla,1
tap,1
tantas,1
tablet,1
taca,1
tailandesa,1
tailwind,1
takes,1
tala,1
taladro,1
talento,1
talk,1
talley,1
talo,1
tama,1
tambi,1
tangibles,1
tano,1
tell,1
temeraria,1
tabaco,1
testimonios,1
terrorismo,1
terrorista,1
terroristas,1
teseo,1
test,1
testigo,1
testimonio,1
tests,1
temor,1
textos,1
their,1
then,1
they,1
things,1
think,1
thompson,1
terror,1
territorios,1
terrestre,1
terminan,1
temperaturas,1
temporada,1
tenerte,1
teng,1
tensa,1
tensi,1
tensionante,1
tentempié,1
tequila,1
terapeutas,1
tercera,1
tercios,1
tergivers,1
termina,1
terminal,1
tabatha,1
sözlüye,1
stacy,1
sucumbir,1
subsidios,1
subvert,1
suc,1
suceder,1
sucedido,1
sucediendo,1
suceso,1
sucursal,1
suerte,1
sude,1
suecia,1
sueco,1
sueldo,1
suelo,1
suelto,1
sueltos,1
subrr,1
submarina,1
subido,1
sub,1
starbucks,1
start,1
startup,1
startups,1
stata,1
states,1
stendhal,1
stendhaliano,1
stephen,1
sticas,1
story,1
storytelling,1
stress,1
strofe,1
style,1
suena,1
suficientemente,1
séneca,1
surf,1
superpoder,1
supo,1
supuesta,1
supuestas,1
surc,1
surcoreana,1
surcoreanos,1
surinam,1
sufr,1
surprise,1
surte,1
survived,1
suscripci,1
suspendido,1
suspiro,1
swift,1
supero,1
superficies,1
superencantadoras,1
superbacterias,1
sufren,1
sufri,1
sugar,1
sugars,1
sugerir,1
suicidio,1
suiza,1
sujeta,1
sujeto,1
suministros,1
sun,1
sunlight,1
sunrise,1
superan,1
superarla,1
party,1
partir,1
partidarios,1
imponerse,1
imaginarla,1
imaginen,1
imagino,1
impacta,1
impactantes,1
implica,1
implicaba,1
import,1
ilusionada,1
importa,1
importing,1
impostor,1
impound,1
imprecisos,1
imprescindibles,1
impresionado,1
imagina,1
ilusi,1
joh,1
identifiques,1
hundiendo,1
hyundai,1
héctor,1
ibai,1
idear,1
identifican,1
identificaron,1
idioma,1
iluminar,1
idiomas,1
idt,1
iets,1
ignorar,1
iii,1
ikea,1
il,1
impresionantes,1
impreso,1
impriman,1
incrementan,1
incomoda,1
incomodidad,1
incomprensible,1
incordio,1
increase,1
incredible,1
incredibly,1
indemnidad,1
imprimido,1
independentista,1
indeterminado,1
indica,1
indicaron,1
indict,1
indignante,1
indigno,1
incluyendo,1
incluye,1
inclusiva,1
incluidas,1
imprudencia,1
impuesto,1
impulsada,1
impulsadas,1
impulsado,1
impulsan,1
impulso,1
impuros,1
inacci,1
inadmisibles,1
inauguramos,1
incautado,1
incidencia,1
incierta,1
including,1
hundai,1
humo,1
humanos,1
hermosos,1
help,1
hemingway,1
hemorragia,1
herencia,1
hermana,1
hermanas,1
hermano,1
hero,1
hilary,1
hesab,1
het,1
heteroflexibles,1
hey,1
hidroalcoh,1
highlights,1
higiene,1
helen,1
hedi,1
hechizos,1
healthier,1
haciéndose,1
half,1
hallado,1
hallar,1
hallaron,1
hambremia,1
hamilton,1
hannibal,1
harnessing,1
harris,1
harta,1
having,1
haza,1
hazlo,1
hea,1
hijas,1
hill,1
humana,1
hospitalizaciones,1
honestly,1
honesty,1
hopkins,1
horizonte,1
hormonal,1
horno,1
hospitales,1
hospitalizados,1
hindi,1
hospitalizations,1
however,1
hoyo,1
html,1
huele,1
huge,1
hugolino,1
honest,1
honduras,1
homof,1
homicidios,1
hip,1
hippies,1
hisp,1
hispano,1
hispanoamérica,1
hispanos,1
hiundai,1
hm,1
hobbies,1
hockey,1
hogar,1
hold,1
hom,1
hombé,1
homenaje,1
indirecto,1
inditex,1
indomables,1
iré,1
investigador,1
invirtieron,1
invitando,1
invitar,1
involuntario,1
iphone,1
ipod,1
isa,1
ito,1
islandia,1
islands,1
israel,1
issue,1
italianismo,1
italiano,1
italianos,1
invertir,1
inversores,1
inversionistas,1
inversiones,1
interpreta,1
interpreté,1
interprofesional,1
interpuestos,1
interrogados,1
interrogativo,1
intervention,1
into,1
intriga,1
introduce,1
intubaron,1
intérpretes,1
inundando,1
invalide,1
inventar,1
iterando,1
its,1
internos,1
jense,1
jassen,1
javier,1
jazm,1
jejejejej,1
jenna,1
jennifer,1
jenny,1
jessi,1
itxi,1
jesus,1
jinping,1
jissell,1
joan,1
job,1
jocosa,1
jodan,1
jardines,1
jardiner,1
jardiel,1
jarabe,1
ivanka,1
izquierda,1
jack,1
jackson,1
jajajaja,1
jakarta,1
jakson,1
james,1
jameson,1
jamie,1
jan,1
jane,1
january,1
japonesa,1
jara,1
interpret,1
intermitente,1
indonesia,1
innovador,1
iniciamos,1
iniciativa,1
inmediata,1
inminente,1
inmuebles,1
inmunizada,1
innovaci,1
innovadores,1
inscrito,1
innovative,1
ino,1
inocencia,1
inocente,1
inocentes,1
inolvidables,1
inquieta,1
inicialmente,1
inici,1
ingreso,1
ingresar,1
industrias,1
inevitable,1
infancia,1
infantil,1
infarto,1
infecci,1
influencia,1
influy,1
influyentes,1
info,1
informaciones,1
informadores,1
informar,1
ingenios,1
inglés,1
inscribirse,1
insea,1
intermedias,1
interactuando,1
intensificado,1
intensivo,1
intensos,1
intent,1
intenta,1
intentan,1
intentar,1
interesa,1
insinuar,1
interesarse,1
intereses,1
interesting,1
interferencia,1
intergal,1
interior,1
interlocutores,1
intelligence,1
intellgence,1
intelectual,1
integran,1
insist,1
insiste,1
insistiendo,1
inspira,1
inspirada,1
inspiran,1
inspiras,1
instalen,1
installed,1
instead,1
institucional,1
instituto,1
insufrible,1
insultasen,1
insulto,1
haciéndolo,1
haces,1
hacerte,1
flipad,1
fisiooste,1
flashes,1
flauta,1
flechitas,1
flequillo,1
flexibilizar,1
flipa,1
flipan,1
follow,1
flipo,1
florida,1
flow,1
fmln,1
fodes,1
folk,1
foll,1
fisica,1
first,1
firme,1
firman,1
finalizamos,1
finalizar,1
finalmente,1
financia,1
financial,1
financiera,1
financieras,1
financiero,1
financieros,1
find,1
finde,1
finding,1
fingiendo,1
firepower,1
firmaba,1
follar,1
following,1
filled,1
frica,1
fregar,1
freidora,1
frenos,1
fresco,1
frescor,1
fresquita,1
fresquito,1
friday,1
fondant,1
fritos,1
fronteriza,1
fruits,1
frustr,1
frustraci,1
frustran,1
frutos,1
frecuentes,1
frecuentemente,1
frecuente,1
fraud,1
fondear,1
fonos,1
foods,1
forenses,1
formado,1
forman,1
formidable,1
forro,1
fortalecemos,1
fortalecer,1
fortalecidos,1
fotografiada,1
fox,1
fracasa,1
framework,1
filtro,1
figuras,1
fuego,1
fal,1
fact,1
facturaci,1
facturado,1
facturar,1
faga,1
fagas,1
faja,1
falcon,1
fantasma,1
fallar,1
fallecimientos,1
fallido,1
faltando,1
familiar,1
famosa,1
fan,1
facing,1
facility,1
facilitarnos,1
facilitar,1
extiende,1
extracted,1
extraditado,1
extranjera,1
extranjeras,1
extranjero,1
extraordinaria,1
extremas,1
extremo,1
eyes,1
fabricaci,1
fabricante,1
fabricantes,1
facebook,1
fachada,1
fantas,1
fara,1
figuran,1
few,1
fero,1
ferrer,1
ferrocarril,1
fervoroso,1
festival,1
festividad,1
fetén,1
fiat,1
farmacéuticos,1
ficas,1
ficci,1
fichaje,1
fideo,1
fifa,1
figment,1
figura,1
fernando,1
fern,1
fenomenal,1
felpudos,1
farola,1
farsalia,1
fascina,1
fase,1
fases,1
fashionaria,1
fatal,1
father,1
fatty,1
favorecer,1
fedez,1
felicitar,1
felicito,1
felipe,1
felpa,1
fucking,1
fuente,1
hacerme,1
granholm,1
gradualmente,1
graf,1
grafiquito,1
gram,1
gramatical,1
gramaticalmente,1
grand,1
grapo,1
gripe,1
grasa,1
gratuitas,1
gratuito,1
graves,1
greatest,1
greg,1
griegos,1
grado,1
gracia,1
grabar,1
grabando,1
goleador,1
golfo,1
goma,1
gono,1
gonz,1
gonzalo,1
goodreads,1
gorrino,1
gorro,1
gotta,1
goza,1
gozitano,1
grabaciones,1
grabada,1
grabado,1
gripalizar,1
gritando,1
glatigny,1
habitaciones,1
gust,1
gustaba,1
géneros,1
haberlo,1
haberte,1
habilidad,1
habita,1
habl,1
grows,1
hablada,1
hablantes,1
hablas,1
hablemos,1
hables,1
hacedores,1
hacerle,1
gus,1
gun,1
guisa,1
guillain,1
grupos,1
guada,1
guadagnino,1
guadalupe,1
gualdo,1
guant,1
guantes,1
guap,1
guapa,1
guarantee,1
guard,1
guarda,1
guay,1
guess,1
guez,1
gobernados,1
glaros,1
fumador,1
gamberra,1
galathée,1
galaxia,1
gald,1
gale,1
galicia,1
galletitas,1
gallup,1
ganado,1
gastar,1
ganancias,1
ganazas,1
ganlo,1
garbanzos,1
garbi,1
gas,1
gastan,1
galardonados,1
gal,1
gafotas,1
gabriele,1
funciona,1
funcionaba,1
functions,1
fundaba,1
fundamental,1
fundamentos,1
fundo,1
funko,1
furgoneta,1
further,1
futbolista,1
future,1
férreas,1
gabacho,1
gabriela,1
gastando,1
gastarse,1
give,1
gimoteando,1
ghebreyesus,1
gherardesca,1
gicamente,1
gif,1
gigantes,1
gilipollas,1
gimnasia,1
ginas,1
gastrointestinal,1
gira,1
giran,1
girl,1
girlbosses,1
giselle,1
github,1
giuliani,1
gezond,1
gesti,1
gesta,1
gerundio,1
gato,1
gel,1
gelooft,1
gene,1
gener,1
genera,1
generaciones,1
generados,1
generosos,1
geno,1
genuinamente,1
genérico,1
geol,1
george,1
gerri,1
joel,1
johan,1
particular,1
nday,1
navegaci,1
navegadores,1
nayib,1
nca,1
nceres,1
nchez,1
nda,1
ndez,1
navalny,1
ndolo,1
ndonos,1
near,1
nec,1
necesaria,1
necesarias,1
necesario,1
nave,1
navalni,1
johnathan,1
naranja,1
nacionales,1
nacionalidad,1
naciones,1
naked,1
namo,1
nanosegundo,1
napole,1
naranjas,1
nava,1
narcisistas,1
narco,1
narcotr,1
narrar,1
nate,1
naturales,1
naturaleza,1
necesitamos,1
negativa,1
negativo,1
nominada,1
nih,1
ninguno,1
nocturno,1
noguchi,1
nombrados,1
nombres,1
nominaciones,1
nominations,1
nego,1
noooo,1
normales,1
normalidad,1
normalizarse,1
norman,1
normativa,1
norte,1
night,1
nicol,1
nich,1
nicaragua,1
negra,1
negro,1
negros,1
neighbors,1
nelson,1
nervios,1
nese,1
neto,1
neutralizaci,1
nevera,1
news,1
nez,1
nfl,1
ngel,1
ngle,1
nacimiento,1
nacidos,1
mümkün,1
modificamos,1
miss,1
mite,1
mito,1
mm,1
mms,1
model,1
modelos,1
modifican,1
monoclonales,1
modos,1
moet,1
moisés,1
moleste,1
molestia,1
monarqu,1
moneditas,1
mismos,1
mismas,1
misiles,1
miserables,1
milagros,1
mill,1
millennial,1
minero,1
mining,1
ministros,1
miop,1
mirado,1
mire,1
mires,1
miro,1
misa,1
misael,1
misak,1
misaks,1
monitorea,1
monte,1
méxicana,1
muguruza,1
mpicos,1
mprame,1
mucha,1
muchacha,1
muelle,1
muerto,1
mugre,1
multi,1
montevideo,1
multiplicado,1
mundialistas,1
mundos,1
municipio,1
muriendo,1
musk,1
muéstranos,1
mpico,1
mpica,1
mparas,1
moviéndonos,1
monumental,1
mora,1
mordaunt,1
mordisquitos,1
morfol,1
morning,1
mort,1
mortales,1
moruna,1
mosaiclab,1
mosaicos,1
mostrar,1
motivada,1
movida,1
moving,1
northern,1
noruega,1
notablemente,1
oversubscribed,1
oteador,1
oto,1
otorgada,1
outfits,1
outlook,1
outside,1
over,1
overt,1
pagan,1
own,1
ox,1
padece,1
padelsurf,1
pag,1
pagada,1
pagado,1
oslo,1
oscura,1
oscilar,1
osas,1
ordenado,1
orejas,1
ores,1
organismo,1
organizaciones,1
organizada,1
organizar,1
orgullosa,1
original,1
originarios,1
orleans,1
oro,1
ortez,1
ortogr,1
osar,1
pagados,1
pagar,1
oranges,1
parezco,1
parag,1
parecida,1
pareciendo,1
parecieron,1
pared,1
parejas,1
parezcan,1
park,1
pagas,1
parker,1
parlacen,1
parlamento,1
parlanchines,1
parra,1
participaban,1
participaci,1
paquetes,1
paquete,1
papers,1
papado,1
paid,1
paint,1
pajarito,1
pajaritos,1
palacio,1
palillo,1
palma,1
palmidia,1
palpen,1
panaderas,1
pandas,1
panorama,1
pant,1
pantallazos,1
paola,1
oras,1
opuesto,1
notario,1
obsesionan,1
nylon,1
oblig,1
obliga,1
obligada,1
obrador,1
observatorio,1
obsesi,1
obsesiones,1
occidente,1
obsolete,1
obsta,1
obstante,1
obtenido,1
obtuvieron,1
obtuviste,1
obviamente,1
nutri,1
numéricamente,1
numpy,1
numerosas,1
notebooks,1
notes,1
notificaciones,1
notion,1
novedosos,1
novelaza,1
novelista,1
noveno,1
nsfw,1
nta,1
ntula,1
nuca,1
nude,1
nueve,1
nuku,1
obviously,1
ocultan,1
optimizando,1
opinions,1
ones,1
ontario,1
open,1
operadoras,1
operar,1
opinan,1
opinar,1
opino,1
ocupaci,1
opon,1
oportunista,1
oposici,1
opositores,1
ops,1
opta,1
optimism,1
onera,1
once,1
ompi,1
omicron,1
ocupando,1
ocurren,1
odell,1
odiado,1
odian,1
ofensiva,1
ofertas,1
officially,1
oficio,1
ofrecen,1
ofreci,1
oh,1
oish,1
olaf,1
olen,1
milagro,1
mila,1
miguelitos,1
lesa,1
legislativas,1
lenguajes,1
lenta,1
lentejas,1
lento,1
leon,1
leopardo,1
lescure,1
lewandowski,1
lesli,1
let,1
letalidad,1
levantarnos,1
levantarse,1
levante,1
levanté,1
legislador,1
legislaci,1
legibilidad,1
leg,1
lazos,1
leading,1
lealtad,1
learn,1
learned,1
leave,1
lecho,1
lecter,1
lectora,1
lecturas,1
lecturing,1
led,1
lee,1
leef,1
leerme,1
levitt,1
leyendo,1
lava,1
listado,1
limpias,1
limpieza,1
limpié,1
linea,1
lineal,1
linux,1
lionel,1
listas,1
lez,1
listos,1
literarios,1
little,1
lived,1
living,1
llamaba,1
llamaban,1
limpiarle,1
limitantes,1
lim,1
liguero,1
liado,1
liate,1
liberados,1
libr,1
libritos,1
lico,1
liderada,1
liderazgo,1
lidiado,1
lido,1
lie,1
life,1
lifestyl,1
liga,1
ligera,1
lavar,1
lav,1
llamen,1
junt,1
jueguen,1
jugar,1
jula,1
juli,1
julia,1
julian,1
junieh,1
jupyter,1
katana,1
jur,1
juré,1
juventud,1
juzga,1
kabul,1
kalk,1
kamala,1
juego,1
juega,1
jueces,1
judiciales,1
johns,1
join,1
joke,1
jordin,1
jornadas,1
jose,1
joseal,1
joseph,1
jounieh,1
journey,1
joyas,1
jozmiguel,1
jubilaci,1
jud,1
judicial,1
karla,1
kate,1
latinoamericanas,1
larnaca,1
langa,1
lanza,1
lanzamiento,1
lanzar,1
lar,1
larga,1
largometrajes,1
lasso,1
keep,1
last,1
lastima,1
lastimarla,1
lat,1
latam,1
latex,1
latin,1
lancha,1
lambdin,1
lagos,1
labrador,1
kelly,1
kendi,1
ketchup,1
kg,1
kids,1
kilos,1
kim,1
kinda,1
kindle,1
king,1
kremlin,1
lab,1
laberinto,1
laboral,1
laboratorio,1
llamaron,1
llames,1
migra,1
mayra,1
matplotlib,1
maurico,1
mausoleo,1
max,1
maximum,1
maybe,1
mayoritario,1
mbolo,1
meetup,1
mbolos,1
mbricas,1
mbricos,1
meanwhile,1
medicamentos,1
medici,1
mediod,1
matizaci,1
matilde,1
maternidad,1
material,1
marketplace,1
marquito,1
marry,1
mary,1
marzo,1
mas,1
masacre,1
masferrer,1
masivo,1
master,1
mat,1
mata,1
matar,1
mataron,1
materia,1
meeting,1
megan,1
marinera,1
meti,1
metamorfosis,1
metan,1
meteorol,1
meterme,1
meterse,1
metes,1
methodical,1
metido,1
mejora,1
meto,1
metros,1
microdosing,1
mide,1
miel,1
miembro,1
might,1
messi,1
message,1
meses,1
mesas,1
mejoraron,1
membership,1
memoria,1
menciones,1
menes,1
mensajer,1
menstrual,1
menta,1
mentor,1
menuda,1
merece,1
mereces,1
merendola,1
meridiano,1
mesa,1
mario,1
marihuana,1
llamo,1
lorenzo,1
logos,1
logotipo,1
logrado,1
lograrlo,1
lograron,1
loharano,1
longevo,1
lourdes,1
ludwig,1
lpvs,1
ls,1
ltiples,1
lucano,1
luce,1
luchando,1
lucia,1
locura,1
locuciones,1
loco,1
lockdown,1
llana,1
llavero,1
llaves,1
llegada,1
llegaran,1
llegaron,1
llegue,1
lleguemos,1
llev,1
llevada,1
llevamos,1
llevarlos,1
llevas,1
localizaci,1
locas,1
lucilio,1
lunar,1
marido,1
manos,1
mandato,1
mandemos,1
manejable,1
manejar,1
manga,1
manicomio,1
manifest,1
manteniendo,1
lupe,1
mantequilla,1
mantra,1
mapa,1
marat,1
marcaron,1
marcha,1
marchas,1
mandarle,1
management,1
malta,1
malas,1
lynn,1
léanla,1
machete,1
machine,1
madas,1
madres,1
madrile,1
madrina,1
madrugada,1
maggie,1
magic,1
mago,1
major,1
making,1
mala,1
intacto,1
